cellname,readcount,cluster
17-1606-2-0_CGTGTCTAGGCAAAGA,4.561186633,25
17-1606-2-0_AAGGCAGGTTGGTTTG,4.423699455,25
Hkid-PH-2017-08-25_CGTTGGGGTAAACGCG,4.237186164,25
18-139_GGCTGGTCATTGGCGC,4.137946829,25
TN117-17-116-Lib-4b_TGTTCCGTCCTGCCAT,4.093665018,25
18-139_GGGAGATTCCCTGACT,4.040696248,25
Trans-SV-010_CTACCCACACTGGCCA,4.033736225,25
Trans-SV-12-2_GGCTTGGCAACGTTAC,4.030324302,25
18-139_AGTTGGTTCGGCCGAT,3.957659674,25
17-1606-2-0_AAACCTGCATTGTGCA,3.932902275,25
18-139_GCGCGATGTCCGTCAG,3.878203066,25
2017-06-28-TN-2_GACCTGGAGTACGCGA,3.875502656,25
TN116-17-116-Lib-4a_CGTAGGCAGAGGTTAT,3.865865433,25
17-1606-2-1_GGAAAGCTCGGCGCTA,3.841714414,25
TN109-18-242-Lib_TGTGTTTTCGTAGGTT,3.780239854,25
18-139_AGCGTATAGGCCGAAT,3.748345221,25
Trans-SV-12-2_TGGGAGAGTGGGCTCT,3.744507888,25
18-139_AAACGGGTCTGCAGTA,3.712705253,25
Hkid-YY-2017-08-25_GTCTTCGGTCGCGTGT,3.689594723,25
TN120-18-696-4_TTCTTAGGTAAATGAC,3.658605368,25
18-139_GGGTCTGTCAACGGGA,3.645800561,25
TN109-18-242-Lib_TGAGCCGCAGTAGAGC,3.620255665,25
18142-5-1_CGCCAAGAGCAGATCG,3.581037628,25
TN116-17-116-Lib-4a_CCTCAGTTCCTAGTGA,3.571059704,25
Hkid-YY-2017-08-25_CGCGTTTAGAGTGACC,3.56647265,25
TN116-17-116-Lib-4a_TGGCTGGTCTACTTAC,3.556208862,25
Hkid-YY-2017-08-25_GTCACGGCATCGGACC,3.549151295,25
Hkid-PH-2017-08-25_ATTGGTGAGCTCCTTC,3.537362231,25
18-139_GCGGGTTTCACTTCAT,3.536386425,25
Hkid-YY-2017-08-25_CTACGTCTCTTCTGGC,3.521983641,25
18-139_GTTACAGGTTCAGACT,3.477158806,25
18142-5-1_CCTATTATCTTAGAGC,3.461325713,25
Hkid-YY-2017-08-25_AAGGCAGGTAGAGGAA,3.459691021,25
18-139_ATCACGATCCAAGTAC,3.459243549,25
TN109-18-242-Lib_CTGCGGATCTGATACG,3.452556933,25
18-139_TGCCAAAGTTCCATGA,3.432053716,25
Hkid-YY-2017-08-25_GAGTCCGCATCTACGA,3.424263622,25
18-139_CGACTTCCATCCTTGC,3.418629851,25
18-342_GTATTCTCAGCATACT,3.41482953,25
Hkid-PH-2017-08-25_GGCTGGTAGTGATCGG,3.331309532,25
Hkid-YY-2017-08-25_GGACAGATCTGTACGA,3.32215803,25
18-342_CTAGTGACAATGAATG,3.305249213,25
2017-06-28-TN-1_CACAGTATCCGCAAGC,3.299503354,25
18-162_GAAGCAGGTCGAAAGC,3.272633086,25
17-1606-2-0_ATAACGCCAGACGCCT,3.249721079,25
Hkid-PH-2017-08-25_CTGATCCTCCTGTAGA,3.237886145,25
2017-06-28-TN-1_CTACGTCAGATGCCTT,3.208324018,25
17-1606-2-1_CGAATGTGTTCATGGT,3.207427139,25
TN109-18-242-Lib_CCTTTCTTCACTTATC,3.200195365,25
Hkid-PH-2017-08-25_GGTGCGTCACAGATTC,3.180608937,25
18-162_TGAGCATTCACAAACC,3.16771425,25
18-139_AAGTCTGTCTTTACGT,3.164722282,25
18-342_CACCACTGTCAATGTC,3.16155959,25
17-1606-2-0_CCTTCCCGTCTGGTCG,3.144711037,25
2017-06-28-TN-1_GTCATTTGTCACCTAA,3.113411797,25
Hkid-YY-2017-08-25_GGTATTGCAACACCCG,3.088546153,25
Hkid-YY-2017-08-25_TCGCGTTCATCGGAAG,3.044868824,25
Hkid-YY-2017-08-25_CCTACACTCAAGGCTT,3.044522438,25
18-139_TGGCCAGGTGGTAACG,3.041805414,25
Hkid-PH-2017-08-25_TCAGATGCAAAGCAAT,3.026978625,25
18-139_TCTTCGGAGGAGCGTT,3.004466787,25
Trans-SV-010_CATCAAGAGTCGAATA,2.999317701,25
Hkid-YY-2017-08-25_AGGTCCGGTATTACCG,2.993597295,25
2017-06-28-TN-1_AAAGTAGGTGCACCAC,2.989704071,25
Hkid-PH-2017-08-25_AGTAGTCGTGTCAATC,2.965858587,25
18-139_CGGACTGTCGGGAGTA,2.921800033,25
18-162_CGAATGTTCAGCAACT,2.907503138,25
2017-06-28-TN-1_TTCTACATCGCAAACT,2.903475346,25
18-162_CAACTAGGTTTGACTG,2.900845296,25
18-162_GGACATTTCAACACAC,2.86608176,25
Hkid-PH-2017-08-25_CAGATCAAGACCTTTG,2.84286554,25
Hkid-YY-2017-08-25_CGATGTAAGCGCCTCA,2.842675272,25
18-139_TTGCCGTTCCCAAGAT,2.81976274,25
18-162_TCATTTGAGATGCCTT,2.802867336,25
18-139_CGCTATCCAATGGTCT,2.754724061,25
2017-06-28-TN-1_TCGCGAGCAGCATACT,2.748544657,25
18-162_ACTGAGTCACGCTTTC,2.74732915,25
Hkid-YY-2017-08-25_TGAGGGATCCTTCAAT,2.746804791,25
2017-06-28-TN-2_CTACCCAAGCCGATTT,2.745812125,25
18-162_CAGATCAAGCAGATCG,2.711479132,25
Hkid-PH-2017-08-25_AAGTCTGCATGCGCAC,2.709731816,25
18-162_AGTGAGGCAATAAGCA,2.708423614,25
Hkid-YY-2017-08-25_CTTAGGACACGGCCAT,2.682028137,25
Hkid-YY-2017-08-25_ACATGGTTCAAGGTAA,2.672388115,25
18-162_ATGGGAGGTTCCGTCT,2.654685868,25
18-342_TTCCCAGCAGATGGCA,2.652312884,25
Trans-SV-12-2_TTTGGTTTCAGTGTGT,2.631881416,25
Hkid-YY-2017-08-25_GTCGTAATCGCCGTGA,2.625262419,25
18-162_TACCTATGTGAGGGAG,2.608496228,25
18142-5-1_TACAGTGAGAGCTATA,2.596538848,25
18-162_CTGCTGTTCTACCAGA,2.585784904,25
18-162_TAAGTGCCACACAGAG,2.574070218,25
TN116-17-116-Lib-4a_GCGGGTTAGCTGGAAC,2.557596383,25
18-139_GGGTTGCAGAGCTGGT,2.555402746,25
Hkid-YY-2017-08-25_CGCTATCCATATACGC,2.554308031,25
Hkid-YY-2017-08-25_CGCGTTTGTTAGATGA,2.541638845,25
18-162_CTGCCTACACGTTGGC,2.506789632,25
18-139_TTTATGCTCCGTCATC,2.477968517,25
Trans-SV-009_CGTGAATCAGTCGTTA,2.474176679,25
18-162_TACCTATAGGCTAGGT,2.445835245,25
18-342_CCTACCATCAACACCA,2.445594608,25
18-342_ACCGTAATCTGAGTGT,2.425153728,25
17-1606-2-0_TTCTCAATCGGTTCGG,2.42140516,25
18-162_CTTGGCTGTACCTACA,2.354934101,25
18-162_GTTTCTAGTACCGTTA,2.338439535,25
2017-06-28-TN-2_AATCCAGTCCTTTCTC,2.333210022,25
Hkid-YY-2017-08-25_GATGCTAGTGTGAATA,2.329853687,25
2017-06-28-TN-2_CTCATTACATGCCTAA,2.329853687,25
18-162_GGGTCTGAGTGTGGCA,2.28346065,25
2017-06-28-TN-1_CAACTAGGTGTCGCTG,2.280301779,25
18-162_TTCGGTCTCTGATACG,2.277155113,25
18-139_TTTGGTTGTGTAAGTA,2.275488381,25
Hkid-PH-2017-08-25_TGCACCTGTATCACCA,2.274020565,25
18-162_CGAGCACAGGCAAAGA,2.269730192,25
Hkid-PH-2017-08-25_GAGCAGATCGTTTATC,2.252537933,25
18-162_TGGACGCCACCGAATT,2.241317578,25
18-162_AAAGCAATCGTATCAG,2.208443552,25
18-162_TAAGTGCTCCCATTTA,2.190144902,25
18-139_GGAAAGCCACTAAGTC,2.157011187,25
18-139_ACATGGTCAGTCTTCC,2.123909312,25
TN120-18-696-4_AACCATGGTTTGACAC,2.087179885,25
Hkid-YY-2017-08-25_CTGATAGCAACTGCGC,2.086252509,25
18-139_TCCCGATCACAACTGT,2.07979162,25
17-1606-2-0_CTACACCCACCAGTTA,2.076733762,25
18-162_AACCGCGAGGTGTGGT,2.058039275,25
Hkid-PH-2017-08-25_CATCGAATCGCCAGCA,2.054670252,25
Hkid-YY-2017-08-25_ATAAGAGAGAGGTTGC,1.992948523,25
Hkid-YY-2017-08-25_ACAGCCGCAGATTGCT,1.970301602,25
Hkid-YY-2017-08-25_ACACCGGTCCCAACGG,1.957554258,25
Hkid-YY-2017-08-25_TACTTACCAAGGACAC,1.912059732,25
Hkid-YY-2017-08-25_TTTGCGCAGGCGTACA,1.904075363,25
18-139_GACACGCTCGTGGACC,1.899873439,25
18-139_CGCTATCAGACCACGA,1.898746217,25
Hkid-YY-2017-08-25_AGGTCCGAGACCACGA,1.833358881,25
TN109-18-242-Lib_CATGGCGAGGCCGAAT,1.826766886,25
Hkid-PH-2017-08-25_GTGTTAGTCGCCAAAT,1.814620511,25
Hkid-YY-2017-08-25_GCTCCTAAGACCCACC,1.741497634,25
18-162_CAGCAGCCACTTGGAT,1.657176509,25
Hkid-PH-2017-08-25_CCTAAAGAGCCACGTC,1.654433925,25
Hkid-PH-2017-08-25_ATGGGAGCAATACGCT,1.652896075,25
18-162_ATCATGGTCTTGCATT,1.631670087,25
18-139_CCCAGTTGTACATGTC,1.599275869,25
18-162_TGATTTCTCAGGCCCA,1.410473045,25
Trans-SV-009_AACTTCTGTCGGATTT,1.406504773,25
TN109-18-242-Lib_CAAGTTGCACTTGGAT,1.395438577,25
18-162_ACGAGCCCACCATCCT,1.377102744,25
18-162_GTTAAGCCACCTCGGA,1.355028118,25
18-162_TCAGATGGTTACAGAA,1.195178487,25
18-162_GATTCAGTCACAGGCC,1.141299153,25
18-162_CTACCCAAGGTGATTA,1.087536226,25
18-162_GGGATGACAAGCCGCT,1.049052027,25
18-139_GAGGTGAAGTACGTAA,1.029683707,25
18-162_TGAAAGAGTTCCTCCA,0.981976533,25
Hkid-PH-2017-08-25_ACATACGAGCATGGCA,0.932959059,25
