cellname,gene,cluster,readcount
Hkid-PH-2017-08-25_GCCAAATCATCACAAC,NPHS2,7,0.411367624
Trans-SV-010_TTTAGTCCAACTGGTT,NPHS2,19,0.472120798
Hkid-PH-2017-08-25_AAATGCCGTGAAAGAG,NPHS2,19,0.485435711
2017-06-28-TN-2_CCGTGGAGTGCTAGCC,NPHS2,26,0.542833804
Trans-SV-13-1_AGGCTGCGTGGTCTGC,NPHS2,8,0.562242665
18-139_TCGAGGCGTATGAATG,NPHS2,23,0.565080726
18-162_GTCACGGGTCTCTTAT,NPHS2,1,0.588641275
Hkid-PH-2017-08-25_AACTCTTGTAATCACC,NPHS2,4,0.623048241
2017-06-28-TN-1_GCATGTAAGAACTGTA,NPHS2,8,0.652482392
Hkid-YY-2017-08-25_CAGAATCAGGTCGGAT,NPHS2,7,0.78392491
18-139_GAATGAAGTCCATCCT,NPHS2,11,0.902273534
Hkid-PH-2017-08-25_ACATACGAGGACACCA,NPHS2,8,0.932959059
18-139_GAATAAGGTGTGACGA,NPHS2,12,0.9764752
Hkid-YY-2017-08-25_CCGTGGAGTCACCCAG,NPHS2,5,0.981559005
18-162_TGAGAGGAGTGTACCT,NPHS2,28,0.981976533
18-139_GAGGTGAGTATGCTTG,NPHS2,15,1.029683707
Hkid-PH-2017-08-25_GTCTCGTCACGGTTTA,NPHS2,0,1.049052027
18-162_GGGATGACATTGCGGC,NPHS2,2,1.049052027
Hkid-PH-2017-08-25_GCGCAACTCACTCCTG,NPHS2,6,1.050500459
Trans-SV-12-2_CTCTCAGTCCCATACC,NPHS2,3,1.076064742
18-162_CTACGTCAGAAACCTA,NPHS2,11,1.087536226
Hkid-YY-2017-08-25_ATGCGATTCTACTTAC,NPHS2,25,1.090938263
TN109-18-242-Lib_ATGTGTGTCATGTCCC,NPHS2,5,1.120643614
18-162_GCAAACTGTTAAGACA,NPHS2,29,1.141299153
Trans-SV-13-1_AATAGAGCAAGGTCAG,NPHS2,3,1.166253726
18-162_TCATTTGAGATGCCTT,NPHS2,25,1.195178487
Hkid-YY-2017-08-25_TACCTTAAGAAGGTTT,NPHS2,5,1.197432741
Trans-SV-12-2_AACTTCTCACACTGGC,NPHS2,10,1.21215454
Hkid-PH-2017-08-25_AGAGTGGGTTCGGCAC,NPHS2,5,1.221521275
Trans-SV-010_GATCCCTAGGAAAGTG,NPHS2,1,1.266136501
17-1606-2-1_CTTTGCGAGTACGCGA,NPHS2,18,1.285550782
2017-06-28-TN-1_TGCCCATAGACTGTAA,NPHS2,5,1.308471485
Trans-SV-010_ATGGGTTGTGCAATGG,NPHS2,11,1.308865769
2017-06-28-TN-1_CTTTGCGAGAGACTAT,NPHS2,4,1.321829178
18-162_GTTCGGGTCGTTTAGG,NPHS2,28,1.355028118
2017-06-28-TN-1_CGTTAGAAGAGTACCG,NPHS2,1,1.36710558
18-162_ACGAGGAGTGTCGCTG,NPHS2,11,1.377102744
TN109-18-242-Lib_CAAGTTGGTAACGCGA,NPHS2,13,1.395438577
Hkid-YY-2017-08-25_CATCAAGAGAGGTTGC,NPHS2,3,1.401176944
Trans-SV-009_AACTTCTGTTCTCGCT,NPHS2,16,1.406504773
18-162_TGCCAAACAGACAAAT,NPHS2,11,1.410473045
Hkid-YY-2017-08-25_TTGGAACGTTCATGGT,NPHS2,7,1.490115363
18-139_ACGCCGATCCATGAGT,NPHS2,10,1.494122459
Hkid-YY-2017-08-25_TGTCCCAGTGCTGTAT,NPHS2,0,1.576356412
Trans-SV-12-2_CGATGCGCAGACCCGT,NPHS2,18,1.593783563
18-139_CCCAGTTGTCTCAACA,NPHS2,15,1.599275869
18-162_ATCCACCGTTACCGAT,NPHS2,11,1.631670087
Hkid-PH-2017-08-25_ATGGGAGCATCTATGG,NPHS2,20,1.652896075
Hkid-PH-2017-08-25_CCTAAAGCACGCATCG,NPHS2,16,1.654433925
18-162_CAGCGACTCTGTCAAG,NPHS2,0,1.657176509
Hkid-YY-2017-08-25_GCTCCTAAGCCAGGAT,NPHS2,8,1.741497634
TN120-18-696-4_GGACAGACAAGGACTG,NPHS2,7,1.802252745
Hkid-PH-2017-08-25_CAACCAACAGTCAGCC,NPHS2,8,1.812472895
Hkid-PH-2017-08-25_GTTAAGCAGATCCCAT,NPHS2,11,1.814620511
TN109-18-242-Lib_CATGGCGTCAGTCCCT,NPHS2,7,1.826766886
Hkid-YY-2017-08-25_AGGTCCGCAGGAATCG,NPHS2,18,1.833358881
Hkid-PH-2017-08-25_AGATCTGAGACAGGCT,NPHS2,5,1.878901792
TN109-18-242-Lib_CCCTCCTGTTCAGCGC,NPHS2,0,1.884562406
18-139_CGCTATCAGACTAAGT,NPHS2,20,1.898746217
18-139_GACACGCTCTACTATC,NPHS2,8,1.899873439
Hkid-YY-2017-08-25_TTTGCGCGTCGCGTGT,NPHS2,16,1.904075363
Hkid-YY-2017-08-25_TACTTACGTTGGAGGT,NPHS2,0,1.912059732
Hkid-YY-2017-08-25_ACACTGAAGCTAAACA,NPHS2,5,1.957554258
Hkid-YY-2017-08-25_ACAGCCGGTAGCCTCG,NPHS2,16,1.970301602
TN116-17-116-Lib-4a_GCTGCAGTCGATAGAA,NPHS2,1,1.979924648
Hkid-YY-2017-08-25_ATAAGAGAGCTCCTCT,NPHS2,0,1.992948523
Hkid-PH-2017-08-25_CACCACTGTAATTGGA,NPHS2,4,1.997339922
TN109-18-242-Lib_CCCAGTTCAGGCGATA,NPHS2,0,2.039204269
Hkid-PH-2017-08-25_CATCGAATCGCCTGTT,NPHS2,6,2.054670252
18-162_AACGTTGAGCTGCAAG,NPHS2,28,2.058039275
17-1606-2-0_CTACCCACAAGCGTAG,NPHS2,6,2.076733762
18-139_TCCCGATCAGTATGCT,NPHS2,18,2.07979162
Hkid-YY-2017-08-25_CTGATAGCATGATCCA,NPHS2,0,2.086252509
TN120-18-696-4_AACGTTGCAAAGGTGC,NPHS2,3,2.087179885
18-139_ACATGGTGTTCCCTTG,NPHS2,15,2.123909312
18-139_GGAAAGCCAGCGAACA,NPHS2,12,2.157011187
18-162_TACCTATAGGCTAGGT,NPHS2,25,2.190144902
18-162_AAATGCCAGATCCCGC,NPHS2,22,2.208443552
18-162_TGGACGCTCAACCAAC,NPHS2,28,2.241317578
Hkid-PH-2017-08-25_GAGGTGACAAACAACA,NPHS2,21,2.252537933
18-162_CGAGCCAAGTCTTGCA,NPHS2,28,2.269730192
Hkid-PH-2017-08-25_TGCACCTGTCACCCAG,NPHS2,19,2.274020565
18-139_TTTGGTTTCTTCATGT,NPHS2,12,2.275488381
18-162_TTGAACGTCAAGGCTT,NPHS2,11,2.277155113
2017-06-28-TN-1_CAACTAGTCCAGATCA,NPHS2,14,2.280301779
18-162_GTAACGTAGATGTAAC,NPHS2,11,2.28346065
Hkid-YY-2017-08-25_GATGCTAGTGTTGAGG,NPHS2,5,2.329853687
2017-06-28-TN-2_CTCATTATCGTTTAGG,NPHS2,14,2.329853687
2017-06-28-TN-2_AATCGGTGTGACCAAG,NPHS2,6,2.333210022
18-162_TAAGCGTAGAGTCTGG,NPHS2,28,2.338439535
18-162_GAAGCAGGTCGAAAGC,NPHS2,25,2.354934101
TN117-17-116-Lib-4b_TTTGCGCCACAGACAG,NPHS2,1,2.418035396
17-1606-2-0_TTCTCAATCTTAGCCC,NPHS2,20,2.42140516
18-342_ACCTTTATCTTGAGGT,NPHS2,17,2.425153728
18-342_CCTCTGACACCTATCC,NPHS2,11,2.445594608
18-162_TACCTATGTGAGGGAG,NPHS2,25,2.445835245
Trans-SV-009_CGTGATAGTAGAGTTA,NPHS2,11,2.474176679
18-139_TTTCCTCAGCTAGGCA,NPHS2,20,2.477968517
18-162_CTGCTGTTCTACCAGA,NPHS2,25,2.506789632
Hkid-YY-2017-08-25_CGCGTTTTCATGCTCC,NPHS2,2,2.541638845
Hkid-YY-2017-08-25_CGCTATCGTTCAGCGC,NPHS2,20,2.554308031
18-139_GGGTTGCAGGTCGGAT,NPHS2,16,2.555402746
TN116-17-116-Lib-4a_GCTCCTATCGTAGATC,NPHS2,1,2.557596383
18-162_TAAGTGCTCCCATTTA,NPHS2,25,2.574070218
18-162_CTGCTGTTCTGTTTGT,NPHS2,6,2.585784904
18142-5-1_TACAGTGAGTACGACG,NPHS2,16,2.596538848
18-162_TACCTATGTGCGAAAC,NPHS2,15,2.608496228
Hkid-YY-2017-08-25_GTCGTAATCGGTTCGG,NPHS2,9,2.625262419
Trans-SV-13-1_AAACCCAGTGACGCCT,NPHS2,27,2.631881416
18-342_TTCTCCTTCCGGCACA,NPHS2,21,2.652312884
18-162_ATTGGACAGAAGGCCT,NPHS2,2,2.654685868
Hkid-YY-2017-08-25_ACATGGTTCTACTTAC,NPHS2,0,2.672388115
Hkid-YY-2017-08-25_CTTAGGACATGGTTGT,NPHS2,0,2.682028137
18-162_AGTGAGGGTAGATTAG,NPHS2,6,2.708423614
Hkid-PH-2017-08-25_AAGTCTGGTCCTCCAT,NPHS2,0,2.709731816
18-162_CAGCAGCAGAGTTGGC,NPHS2,28,2.711479132
2017-06-28-TN-2_CTACCCATCCTACAGA,NPHS2,15,2.745812125
Hkid-YY-2017-08-25_TGATTTCAGCCACGCT,NPHS2,2,2.746804791
18-162_AGATCTGCAGTCGTGC,NPHS2,28,2.74732915
2017-06-28-TN-1_TCGCGAGCATATGGTC,NPHS2,8,2.748544657
18-139_CGCTATCGTTGCGTTA,NPHS2,16,2.754724061
18-162_TCGAGGCTCTGATTCT,NPHS2,12,2.802867336
18-139_TTGCGTCAGTGGCACA,NPHS2,16,2.81976274
Hkid-YY-2017-08-25_CGATGTAAGGAGCGTT,NPHS2,0,2.842675272
Hkid-PH-2017-08-25_CAGATCACAAGCGTAG,NPHS2,11,2.84286554
18-162_GGACATTTCAACACTG,NPHS2,28,2.86608176
18-162_CAAGAAAGTTTCCACC,NPHS2,2,2.900845296
2017-06-28-TN-1_TTCTCAACATACCATG,NPHS2,1,2.903475346
18-162_CGACCTTAGACAAAGG,NPHS2,5,2.907503138
18-139_CGGAGCTCACTGTTAG,NPHS2,18,2.921800033
Hkid-PH-2017-08-25_AGTAGTCGTTGGAGGT,NPHS2,14,2.965858587
2017-06-28-TN-1_AAAGTAGTCACAGGCC,NPHS2,2,2.989704071
Hkid-YY-2017-08-25_AGTAGTCAGACCCACC,NPHS2,5,2.993597295
Trans-SV-010_CATCAAGAGTGAATAC,NPHS2,19,2.999317701
18-139_TCTTCGGCAGGACGTA,NPHS2,3,3.004466787
Hkid-PH-2017-08-25_TCAGATGGTACCGAGA,NPHS2,13,3.026978625
18-139_TGGCCAGTCTCTGCTG,NPHS2,15,3.041805414
Hkid-YY-2017-08-25_CCTACACTCGTAGGAG,NPHS2,8,3.044522438
Hkid-YY-2017-08-25_TCGCGTTTCATTGCGA,NPHS2,7,3.044868824
Hkid-YY-2017-08-25_GGTATTGTCGGACAAG,NPHS2,0,3.088546153
2017-06-28-TN-1_GTCCTCAAGGGCTCTC,NPHS2,7,3.113411797
17-1606-2-0_CCTTCGATCCTCTAGC,NPHS2,17,3.144711037
18-342_CACTCCACATAGGATA,NPHS2,11,3.16155959
18-139_AATCCAGCAGAGCCAA,NPHS2,2,3.164722282
18-162_TGAGGGAAGAGACGAA,NPHS2,19,3.16771425
Hkid-PH-2017-08-25_GGTGCGTGTATGAAAC,NPHS2,16,3.180608937
TN109-18-242-Lib_CCTTTCTTCGACCAGC,NPHS2,20,3.200195365
17-1606-2-1_CGAATGTTCCTCATTA,NPHS2,10,3.207427139
2017-06-28-TN-1_CTACGTCCAAGTTCTG,NPHS2,14,3.208324018
Hkid-PH-2017-08-25_CTGATCCTCTTGTATC,NPHS2,8,3.237886145
17-1606-2-0_ATAAGAGCACCGTTGG,NPHS2,0,3.249721079
18-162_GACACGCGTCCCGACA,NPHS2,29,3.272633086
2017-06-28-TN-1_CACAGTATCCTTTCTC,NPHS2,21,3.299503354
18-342_CTCGAAAAGTCCGTAT,NPHS2,26,3.305249213
Hkid-YY-2017-08-25_GGACATTAGGTGCTTT,NPHS2,1,3.32215803
Hkid-PH-2017-08-25_GGCTGGTCACGTAAGG,NPHS2,14,3.331309532
18-342_GTCACAAAGATTACCC,NPHS2,17,3.41482953
18-139_CGACTTCGTGCACCAC,NPHS2,6,3.418629851
Hkid-YY-2017-08-25_GAGTCCGTCATGTGGT,NPHS2,0,3.424263622
18-139_TGCCAAATCAACTCTT,NPHS2,19,3.432053716
TN109-18-242-Lib_CTGCTGTAGTGGGCTA,NPHS2,8,3.452556933
18-139_ATCACGATCGCAGGCT,NPHS2,13,3.459243549
Hkid-YY-2017-08-25_AAGGTTCTCAGTTCGA,NPHS2,13,3.459691021
18142-5-1_CCTCAGTGTATGCTTG,NPHS2,13,3.461325713
18-139_GTTACAGTCCGCAGTG,NPHS2,18,3.477158806
Hkid-YY-2017-08-25_CTAGAGTAGCACGCCT,NPHS2,1,3.521983641
18-139_GCTCCTAAGGACATTA,NPHS2,16,3.536386425
Hkid-PH-2017-08-25_ATTGGTGCACTAAGTC,NPHS2,4,3.537362231
Hkid-YY-2017-08-25_GTCACGGGTGGAAAGA,NPHS2,0,3.549151295
TN116-17-116-Lib-4a_TGGGAAGAGTGCGATG,NPHS2,17,3.556208862
Hkid-YY-2017-08-25_CGCGTTTAGCTAACTC,NPHS2,5,3.56647265
TN116-17-116-Lib-4a_CCTCAGTTCTTGTCAT,NPHS2,2,3.571059704
18142-5-1_CGCGGTACACATCCGG,NPHS2,2,3.581037628
TN109-18-242-Lib_TGAGGGATCGGATGTT,NPHS2,8,3.620255665
18-139_GGGTCTGTCGATGAGG,NPHS2,3,3.645800561
TN120-18-696-4_TTGCCGTTCAATAAGG,NPHS2,1,3.658605368
Hkid-YY-2017-08-25_GTCTTCGTCACGATGT,NPHS2,2,3.689594723
18-139_AAAGATGCATTGGGCC,NPHS2,6,3.712705253
Trans-SV-12-2_TGGGCGTAGTGTACAA,NPHS2,11,3.744507888
18-139_AGCGTATAGGTAGCTG,NPHS2,8,3.748345221
TN109-18-242-Lib_TGTGTTTTCTTAGAGC,NPHS2,13,3.780239854
17-1606-2-1_GGAACTTGTAGCTAAA,NPHS2,16,3.841714414
TN116-17-116-Lib-4a_CGTAGGCGTGTAATGA,NPHS2,24,3.865865433
2017-06-28-TN-2_GACGCGTAGGTCGGAT,NPHS2,6,3.875502656
18-139_GCGCGATGTGGTCTCG,NPHS2,16,3.878203066
17-1606-2-0_AAAGCAAAGAGCTGCA,NPHS2,6,3.932902275
18-139_ATAACGCCATGGGACA,NPHS2,1,3.957659674
Trans-SV-12-2_GGGAAGTAGGATACGC,NPHS2,10,4.030324302
Trans-SV-010_CTACCCACACTGTCGG,NPHS2,11,4.033736225
18-139_GGGATGAAGCCCTAAT,NPHS2,18,4.040696248
TN117-17-116-Lib-4b_TGTTCCGTCGAGAACG,NPHS2,1,4.093665018
18-139_GGCTGGTGTAAACACA,NPHS2,6,4.137946829
Hkid-PH-2017-08-25_CGTTGGGTCCCAACGG,NPHS2,9,4.237186164
17-1606-2-0_AAGGCAGTCTTAACCT,NPHS2,23,4.423699455
17-1606-2-0_CGTGTCTAGTTTGCGT,NPHS2,5,4.561186633