row,cellnames,gene,readcount,cluster
1,BTN-PH_AAACCTGAGAGGTAGA,A1CF,0,0
2,BTN-PH_AAACCTGAGAGGTAGA,A2M,0,0
3,BTN-PH_AAACCTGAGAGGTAGA,ABAT,0,0
4,BTN-PH_AAACCTGAGAGGTAGA,ABCC2,0,0
5,BTN-PH_AAACCTGAGAGGTAGA,ABCC6,0,0
6,BTN-PH_AAACCTGAGAGGTAGA,ABHD10,0,0
7,BTN-PH_AAACCTGAGAGGTAGA,ABHD14A,1.46942158697003,0
8,BTN-PH_AAACCTGAGAGGTAGA,ABHD6,0,0
9,BTN-PH_AAACCTGAGAGGTAGA,ABLIM3,0,0
10,BTN-PH_AAACCTGAGAGGTAGA,ACAA1,1.46942158697003,0
11,BTN-PH_AAACCTGAGAGGTAGA,ACAA2,0,0
12,BTN-PH_AAACCTGAGAGGTAGA,ACAD8,0,0
13,BTN-PH_AAACCTGAGAGGTAGA,ACADL,0,0
14,BTN-PH_AAACCTGAGAGGTAGA,ACADS,0,0
15,BTN-PH_AAACCTGAGAGGTAGA,ACADSB,0,0
