cellnames,gene,readcount,cluster
BTN-PH_AAACCTGAGAGGTAGA,A1CF,0,0
BTN-PH_AAACCTGAGAGGTAGA,A2M,0,0
BTN-PH_AAACCTGAGAGGTAGA,ABAT,0,0
BTN-PH_AAACCTGAGAGGTAGA,ABCC2,0,0
BTN-PH_AAACCTGAGAGGTAGA,ABCC6,0,0
BTN-PH_AAACCTGAGAGGTAGA,ABHD10,0,0
BTN-PH_AAACCTGAGAGGTAGA,ABHD14A,1.46942158697003,0
BTN-PH_AAACCTGAGAGGTAGA,ABHD6,0,0
BTN-PH_AAACCTGAGAGGTAGA,ABLIM3,0,0
BTN-PH_AAACCTGAGAGGTAGA,ACAA1,1.46942158697003,0
BTN-PH_AAACCTGAGAGGTAGA,ACAA2,0,0
BTN-PH_AAACCTGAGAGGTAGA,ACAD8,0,0
BTN-PH_AAACCTGAGAGGTAGA,ACADL,0,0
BTN-PH_AAACCTGAGAGGTAGA,ACADS,0,0
BTN-PH_AAACCTGAGAGGTAGA,ACADSB,0,0




